ID	HAPLOTYPE
rs1142345	TPMT-3A
rs1142345	TPMT-3C
rs1800460	TPMT-3A
rs1800460	TPMT-3B
rs1800462	TPMT-2
rs1800584	TPMT-4
rs3918290	DPYD-2A
rs55886062	DPYD-13
rs67376798	DPYD-rs67376798
rs72549309	DPYD-7
rs75017182	DPYD-HapB3
rs1801266	DPYD-8
rs1801268	DPYD-10
rs115232898	DPYD-rs115232898
rs72549303	DPYD-3
rs78060119	DPYD-12
rs8175347	UGT1A1-28
rs8175347	UGT1A1-36
rs8175347	UGT1A1-37
rs4148323	UGT1A1-6
rs34983651	UGT1A1-28
rs116855232	NUDT15-2
rs116855232	NUDT15-3
rs746071566	NUDT15-rs746071566
rs147390019	NUDT15-4
rs186364861	NUDT15-6

